requirement_id,feature_or_screen,user_story_id,evidence_source,final_status,screenshot_file,notes
FR-01,Homepage / Landing Page,US-01,Lab10 Prototype,Completed,final-homepage.png,Navigation and landing page completed
FR-03,Add Expense Form,US-02,Lab10 Implementation,Completed,final-input-form.png,Expense form with validation implemented
FR-05,Expense Records List,US-03,Lab11 Prototype,Completed,final-record-list.png,Users can view all expense records
FR-06,Search and Filter Expenses,US-04,Lab11 User Testing,Completed,final-record-list.png,Search and category filter implemented
FR-07,Expense Detail View,US-05,Lab10 Prototype,Completed,final-detail-view.png,Displays complete expense information
FR-08,Edit Expense Record,US-06,Lab11 Prototype,Completed,final-admin-view.png,Admin can update expense records
FR-09,Admin Management,US-07,Lab11 Security Review,Completed,final-admin-view.png,Admin functions separated from user functions
FR-10,Input Validation,US-08,Lab08 Validation Results,Completed,final-input-form.png,Required fields and amount validation implemented
FR-11,Confirmation Messages,US-09,Lab11 User Testing,Completed,final-input-form.png,Confirmation displayed after user actions
FR-12,Dashboard Analytics,US-10,Lab11 Startup Metrics,Completed,final-dashboard.png,Dashboard displays expense summaries and statistics
